(-1, 1)	A	C	D	E	F	G	H	I	K	L	M	N	P	Q	R	S	T	V	W	Y
A	1.1186752113876284	1.1190321986678622	0.7793355905828615	0.657226262076837	0.9260768247172019	0.9351637196426644	0.71819902588382	1.0722258159216678	0.6031405124704602	1.0724990348598762	0.8290485589711901	0.7494411949348206	1.1234957620566304	0.8579801525276097	0.8480296730055585	0.8693812199457767	0.9108887670673592	1.1350266173241979	0.972922685922853	0.793907860530536
C	1.1213862702219282	1.9998558558558557	1.0287534521242385	0.917576897859118	1.4570314970519365	1.2178508485425636	0.8525985829666811	0.9376892511790429	0.7422257212047549	0.8413599498635994	1.0540014583439317	1.0192876969604905	1.0475272799180255	0.8540170009631088	0.8477527461993742	0.8772934539247633	1.1370062970288026	0.8973898948785746	0.6410596072504929	0.8797640369115248
D	0.9561147980369274	1.1342957639004965	1.6529091928984978	1.2739397014694318	0.4826043249758671	1.702350349243237	1.8156979771702377	0.4338346682860012	4.481278232476899	0.6264423573888017	0.7891194704426956	1.8446018914085949	1.3632783099766719	1.7321129969981233	2.4623587837045227	2.066722285352132	1.4252019243046847	0.44641603010905584	0.6399391750248602	0.8112131419119103
E	0.7093830999664641	0.8090092808559918	0.823184582940606	0.882193675339547	0.5457424480827155	0.7129087779330489	1.3683830429168111	0.5461427813143558	5.409605887346244	0.6632627848577711	0.6669008171288268	0.9081415335178273	0.8866366989046655	2.0787780550500132	3.976284038485269	1.5515554039324202	1.4344902233403856	0.6515618007491019	1.2011086485623494	1.221716805663013
F	1.033987892157171	1.1633542206025427	0.8632947832902588	0.7238579612537072	1.5906143982963385	1.5035470095244112	0.9148689097921198	0.9930311938144528	0.4888354895457855	0.983969440151775	1.2567110508987525	0.8020004750898949	0.6819472896110635	0.773773792818924	0.6795634508202976	0.892392423074537	0.7012292044945343	0.9550649372822122	1.16674660062104	1.0435949237076145
G	0.9793821722957694	0.9736435586090979	0.8628497916632899	1.2771417676295604	1.1069529041185728	1.125930580770819	0.7918428048908001	0.99284547921269	0.5037400373426602	1.1740987251918609	1.2892047810525933	0.9895924011434056	1.2328047848690658	1.1615554199896654	0.6914620128518668	1.0846290055721186	0.8612249832773949	0.8192985597159269	1.4856893446309012	1.0638217157388792
H	0.9739086714086225	0.980501175662466	1.6118717683052588	1.64582063158824	0.9594244098669898	1.0848718586018247	1.6906366588238744	0.7221774512802686	1.110598144826392	0.7338560532727003	1.1244807225275482	1.2762727954301556	0.8072342838077974	1.2571934858007874	1.6868158350665872	1.31515889837326	1.3205131072601972	0.7116264192047256	1.1972250729635692	1.5172766862786207
I	0.8898325665018479	0.94546364990051	0.5261281759575275	0.5790874561338731	1.151421469830402	0.7062586073986178	0.5233615071970147	1.4034522055275283	0.5621671680858853	1.1443905026448438	1.0636966639991903	0.4922068892933966	0.7637991740573841	0.5857793470554297	0.538137370520564	0.5585541443733444	0.6216443189295617	1.1916037424873727	0.8336879338965858	0.9629643970697511
K	0.9006520772417332	0.7759305985485003	1.1008213586081241	2.931093439279815	0.6209215161585248	0.846979681715605	1.7893805961940141	0.7276260374145039	1.4485266055029773	0.5946273067324858	0.5230697805183733	1.3962432571115917	0.49906256357981	1.076376897496929	1.0359278833096615	1.604031235837922	1.9828931406736832	0.7540368980135658	1.223439577689191	1.6496149537738274
L	1.0398716970652016	0.918439148407342	0.6221867222559744	0.6393649763136717	0.834784288526715	0.8515356988765005	0.5943884239105188	1.250354882471359	0.5088471645192094	1.3531705935882907	1.04940015029195	0.4932518321950674	0.7964869698292282	0.6201105188332967	0.6187892244768924	0.6745671765994736	0.6956503363612948	1.1586526833029926	0.6901532248976671	0.721401801000666
M	0.9053452028394182	0.9580300791338093	0.9293250580361672	0.5935640734877957	0.9974217434334008	1.44783550163685	0.9556464323793183	0.9902472158789876	0.8821387264658714	1.0615447241399747	1.5551503377455815	1.0855442756000169	1.0402118960862015	0.9714892764684852	0.9218444228940803	0.8531163243084025	0.8965930164196644	0.9392447933287638	1.194778010985105	1.005388130047231
N	0.7327364971129305	0.99542817662618	3.400241680957342	1.5399118860737393	0.6005258883573599	0.7897771952028335	1.8024987170480877	0.4188124461300928	1.1315732032480326	0.44343633849946323	0.6247720790932207	5.43608203388159	0.7407638834694855	1.7863916350072158	0.8957780506670732	1.9585361654231264	2.5154356392758754	0.436488063783367	1.3389326239534334	0.9285643714971389
P	0.46011787446937535	1.7576858108108109				15.764544195307765		0.6315622904575828				1.3830795230138235				1.6651083577176298		0.6176418214194862		
Q	0.9754768407491295	0.7205739780776383	1.0318331496317743	1.268388383935077	0.8476859606977044	1.0986710156612733	1.435744879291709	0.6004311087415185	2.8030349642509655	0.7622129853266503	0.9846903494491287	1.887306171960298	0.9595303872601971	2.2105125260235243	2.2250595042537387	1.662670424543812	1.4367333368847337	0.5425843233553318	1.2073589784585481	1.2627238214791103
R	0.9144376839139341	0.9872150728586372	2.762410370250508	2.4317824068389906	0.6402388833671308	0.9052906567602479	1.5641732884944937	0.6025706821647505	0.8715596377322328	0.6588356201039812	0.8866232873986896	1.9918336965095569	0.9075112573547249	1.2607924253963858	0.9751666814278682	1.3878400893308058	1.9181448152317107	0.6843538093315819	1.3905214253153604	1.1688383587143156
S	1.0146698559324654	1.0720051663718926	1.8236409726786218	1.7057574479025948	0.7361657477854425	1.0609356191152572	2.4566942551166506	0.6286963144266515	1.5127741888218285	0.6267379255251954	0.9388638471540749	1.7618648923341995	1.2928125147425071	2.1672011559239266	1.6311878130905157	1.8209728805459537	1.3988543845190478	0.5910248280825653	0.9800306173036445	1.0492585823353497
T	1.0278218878519494	0.901355452818364	1.828183327354101	1.4213197888379887	0.700880554271249	0.8727245542139543	2.031382536725777	0.6195245000482299	1.2548185372956961	0.8166900058102319	0.8148413681180751	1.547463989813694	1.255519372464575	1.4256080810055536	1.6116852584622345	1.5217841103433674	1.6374407202019032	0.7522377992570457	0.8110375023839644	0.9379497001545318
V	1.0456232379495314	0.987563659597169	0.6296051068824058	0.7204368960233324	1.2203052583859275	0.9788466122646915	0.5640901532123048	1.023049414476466	0.4758067693817519	1.0776150843111951	0.9739708578823324	0.5045155814956706	1.19009869992982	0.6340000742146645	0.5723297989848231	0.6705784098405327	0.6828052549056475	1.2772441613471586	0.9678851655680633	0.9568529558942535
W	1.0996830571450575	1.340356747331464	0.6765248757274853	1.2175555520926202	0.9518492399135912	1.0115697059935933	0.851330550816005	1.0160792908960123	0.7203879858333354	1.019334836956099	1.3266910248335235	1.2990738210929025	1.2390107611933634	1.6380448144017778	1.0371637904801314	1.0220019911361913	0.6616600750013135	0.9175777364418521	0.8979188047226768	0.9072471331581491
Y	1.0197738611582907	0.9378332158580128	1.0699086167942062	1.1416785280633472	1.1739930232942568	1.3091513743037966	0.9892056189569416	0.9567849184096179	0.8743289542040693	0.9306902995748594	0.9619340479301248	0.8855493346154348	1.3399750412632458	1.113096121697474	1.1468761105200487	0.949944674022405	0.7226488965122854	0.8728844826354226	1.3138252745972163	1.3212298726246907
