(None, None)	A	C	D	E	F	G	H	I	K	L	M	N	P	Q	R	S	T	V	W	Y
A	1.104742025758566	0.6076536491385914	0.589746976077693	0.623034415153385	1.2941615071771135	1.1057959311050947	0.9194183466108914	1.2664403163045514	0.6402427171604914	1.464963860158323	1.0499894652337765	0.6845978517195992	0.7483218494558159	0.6080094737951395	0.6385928308691514	0.7072747065339797	0.8342558521475198	1.1712150086546163	0.8988131034354747	1.128806320291937
C	0.6067742661441796	6.657734235896341	0.34699611644272776	0.8227934739346289	0.9621745740099409	0.9264732825599536	0.6263234516073048	0.7924174165881188	0.3577733241209926	0.761499712376986	0.8766144204707653	0.40764259767056416	1.9651887264543284	1.4589938571127519	0.4371715932112527	0.44718252679276616	0.44098730664293495	0.7622947490145489	5.972994376853303	0.756900805712538
D	0.589746976077693	0.34699611644272776	0.9281799240204958	0.6902372149760789	0.7353077789627378	0.989597300358926	2.0550262591322817	0.5182668246254324	2.4274242481013943	0.5272503194161392	0.6580042788026641	2.2297369319881315	0.9515369273487672	1.650563356205652	2.510646827760649	1.5103639841823537	1.2687659262012598	0.4891237727551779	0.7195862714443241	0.8457426904292557
E	0.623034415153385	0.8227934739346289	0.6902372149760789	0.8567632592471435	0.8148195646749192	0.6981655682868236	1.2453113546806605	0.6909013758670679	2.4846452253694857	0.6691612850145608	0.7415618815986738	1.0984197186249327	0.9612327450097319	1.3201449414088946	2.3014663345926536	1.160074765456021	1.2875664733175989	0.7049775638307442	0.6907648453057231	1.0150755004319891
F	1.2941615071771135	0.9631367485839509	0.7353077789627378	0.8148195646749192	1.324989107243335	1.1986719889138238	0.8385084521967571	1.109685718708109	0.7277245283603165	1.1285253337571932	1.6675633001268546	0.7462594319491916	1.3762922664176092	0.8625596374273259	0.817912854779406	0.7835360310458502	0.5406577690330505	1.0164748053765507	1.1034557198949184	1.0469908884722439
G	1.1069365148401178	0.9264732825599536	0.989597300358926	0.698890558492729	1.1986719889138238	1.6587523163628668	0.9702186821312491	0.943479348876761	0.5364084034958315	1.172877008791072	1.1334285782774605	0.9988588533792163	1.1564469094991945	0.8950954473704387	0.731475175940804	1.2820888145348783	0.7407513581735699	0.9059194470938307	0.9387437821270328	1.1950565185835478
H	0.9194183466108914	0.6263234516073048	2.0550262591322817	1.246653285019756	0.8385084521967571	0.9702186821312491	1.369040177885727	0.7490418800326336	0.9417787554097188	0.7248794159095828	0.8081667148587518	1.3092722969471804	1.3105352496021598	1.0873348785971768	0.9820496297763995	1.4597251687799266	1.3719714422660645	0.6794156339571605	1.0896242299248486	1.090277780270524
I	1.2664403163045514	0.7924174165881188	0.5182668246254324	0.6911913051057867	1.1084380396899978	0.943479348876761	0.7483325600704815	1.7052274444427613	0.7166375514880707	1.1817645413336677	1.0704511457829018	0.5606035331815579	0.7199254516808649	0.5924142822043474	0.7543691394364328	0.6496141334203994	0.6518984309707294	1.4201240748929902	0.5754015798941157	0.7864540942112918
K	0.6402427171604914	0.3577733241209926	2.4274242481013943	2.4790008700188055	0.7277245283603165	0.5356623556467414	0.9417787554097188	0.7160408507790882	0.7562404006588893	0.5384753791737381	0.6479419995678096	1.6142714583964732	0.6747467203839367	1.21658438572801	0.6326316576505483	1.1379530973081409	1.7268337402892244	0.6698112999698628	1.1435549198202817	1.6716860218711516
L	1.464963860158323	0.761499712376986	0.5277198210362782	0.6689101925999212	1.12722867500527	1.171549473976368	0.724265111319829	1.1814990955696665	0.5384753791737381	1.5686446514798413	1.2486317657587997	0.5745933836297374	0.9463597979265056	0.8483965210813756	0.7656850711143856	0.7726474700473568	0.4718592064123281	1.137981695610066	1.0456411219848547	0.9589977989628062
M	1.0499894652337765	0.8766144204707653	0.6580042788026641	0.7415618815986738	1.6675633001268546	1.1334285782774605	0.8081667148587518	1.0697384619308494	0.6479419995678096	1.2486317657587997	2.0018270358382613	0.7706860786031794	1.7483518564401328	0.7427214752072863	0.9590293036666914	0.832421719713519	0.7236791003251055	0.8847706920034537	0.7785775787041628	0.8613781743222614
N	0.6845978517195992	0.40764259767056416	2.2297369319881315	1.0984197186249327	0.7462594319491916	0.9988588533792163	1.3092722969471804	0.5606035331815579	1.6142714583964732	0.5745933836297374	0.7680285404010995	2.2161684099807784	1.1144855539829517	1.712197012299529	1.1962096681702543	1.7664420909970424	1.3087710715668888	0.5799456727228973	0.8650679270333995	0.9187315810185452
P	0.7506627937189728	1.9651887264543284	0.9533917751603632	0.9612327450097319	1.3925140735279904	1.1564469094991945	1.3129621667310527	0.7199254516808649	0.6747467203839367	0.9459056905378652	1.7483518564401328	1.1144855539829517	0.7050538774483684	0.8069587269987035	0.782969877731907	0.8068652615373096	0.9975126297261464	0.7812195033901266	1.798631402167864	1.6119143628394916
Q	0.6080094737951395	1.4589938571127519	1.650563356205652	1.3201449414088946	0.8625596374273259	0.8939344934827986	1.0851859954378937	0.5924142822043474	1.2174882374261735	0.847592353762815	0.7427214752072863	1.712197012299529	0.8069587269987035	1.2349232914897312	1.2684421566973716	1.306786282545095	1.6278787396474854	0.5427248495760864	0.9953596797408917	1.052901282516354
R	0.6385928308691514	0.4371715932112527	2.510646827760649	2.3020293155942664	0.817912854779406	0.7307310506346588	0.9820496297763995	0.7543691394364328	0.6326316576505483	0.7656850711143856	0.9590293036666914	1.1962096681702543	0.7819517114409682	1.2684421566973716	0.8812061463992038	0.9424232243883026	1.2025012678456648	0.7547896926778103	1.3392158285743032	1.5261494496378105
S	0.7068903181065156	0.44718252679276616	1.5094502733631268	1.1590974488886612	0.7831154534661154	1.2820888145348783	1.4609206848886735	0.6493558375422999	1.1379530973081409	0.7726474700473568	0.832421719713519	1.7664420909970424	0.8068652615373096	1.306786282545095	0.941921668654195	1.5472060298083967	1.7692897545799995	0.6695059227226206	0.5537613927433964	1.043874334411241
T	0.8342558521475198	0.44098730664293495	1.2687659262012598	1.2875664733175989	0.5403524851431392	0.7402825282000423	1.3702358680190487	0.6537733186065382	1.7268337402892244	0.4718592064123281	0.7236791003251055	1.3094702014128112	0.9975126297261464	1.6278787396474854	1.2028653312025663	1.7724497648578705	2.168282788146021	0.7490820114968569	0.314575657246641	0.5234115438667535
V	1.171536021401952	0.7622947490145489	0.4898868363632203	0.7045694726215802	1.0162991877529541	0.9045709513404906	0.6799148372150277	1.4202319296871646	0.6696013277755148	1.137981695610066	0.8847706920034537	0.5795434912577635	0.7804814594568341	0.5430515954217071	0.754999123780107	0.6687787916634594	0.748818110841054	1.7364199663890263	0.6848436860905573	0.7584120902019399
W	0.8988131034354747	5.972994376853303	0.7195862714443241	0.6907648453057231	1.1034557198949184	0.9387437821270328	1.0896242299248486	0.5754015798941157	1.1435549198202817	1.0456411219848547	0.7785775787041628	0.8650679270333995	1.7966763680350728	0.9953596797408917	1.3392158285743032	0.5527983294516687	0.314575657246641	0.6848436860905573	1.4167740009354979	1.1644812264156457
Y	1.1295553623093835	0.756900805712538	0.8484134568200848	1.0155516146441992	1.0469908884722439	1.19253928526373	1.090277780270524	0.7862024289011441	1.6711960787228892	0.9587798449175874	0.8613781743222614	0.9187315810185452	1.6076090360156683	1.052901282516354	1.5266381302172656	1.043450167676413	0.5237194330102045	0.7585892065237994	1.1644812264156457	1.0815490221083452
